,Category,URL
0,face-wash-facial-cleanser,https://www.sephora.com/product/soy-face-cleanser-P7880
1,face-wash-facial-cleanser,https://www.sephora.com/product/kale-spinach-green-tea-age-prevention-cleanser-P411387
2,face-wash-facial-cleanser,https://www.sephora.com/product/green-clean-makeup-meltaway-cleansing-balm-P417238
3,face-wash-facial-cleanser,https://www.sephora.com/product/sugar-strawberry-exfoliating-face-wash-P445827
4,face-wash-facial-cleanser,https://www.sephora.com/product/purity-made-simple-P7109
5,face-wash-facial-cleanser,https://www.sephora.com/product/soy-face-cleanser-limited-edition-P444223
6,face-wash-facial-cleanser,https://www.sephora.com/product/the-deep-cleanse-P427536
7,face-wash-facial-cleanser,https://www.sephora.com/product/beste-no-9-jelly-cleanser-P426836
8,face-wash-facial-cleanser,https://www.sephora.com/product/limited-edition-pride-superfood-antioxidant-cleanser-P446402
9,face-wash-facial-cleanser,https://www.sephora.com/product/pure-one-step-camellia-cleansing-oil-P392235
10,face-wash-facial-cleanser,https://www.sephora.com/product/face-cleanser-P248404
11,face-wash-facial-cleanser,https://www.sephora.com/product/take-the-day-off-cleansing-balm-P126301
12,face-wash-facial-cleanser,https://www.sephora.com/product/slaai-makeup-melting-butter-cleanser-P442566
13,face-wash-facial-cleanser,https://www.sephora.com/product/the-ordinary-squalane-cleanser-P444718
14,face-wash-facial-cleanser,https://www.sephora.com/product/checks-balances-frothy-face-wash-P297516
15,face-wash-facial-cleanser,https://www.sephora.com/product/greek-yoghurt-foaming-cream-cleanser-P392253
16,face-wash-facial-cleanser,https://www.sephora.com/product/exfolikate-cleanser-daily-foaming-wash-P404322
17,face-wash-facial-cleanser,https://www.sephora.com/product/the-clean-truth-foaming-cleanser-P211343
18,face-wash-facial-cleanser,https://www.sephora.com/product/the-cleansing-foam-P416344
19,face-wash-facial-cleanser,https://www.sephora.com/product/find-your-balance-oil-control-cleanser-P416815
20,face-wash-facial-cleanser,https://www.sephora.com/product/makeup-breakup-cool-cleansing-oil-P254604
21,face-wash-facial-cleanser,https://www.sephora.com/product/liquid-facial-soap-P139000
22,face-wash-facial-cleanser,https://www.sephora.com/product/special-cleansing-gel-P423136
23,face-wash-facial-cleanser,https://www.sephora.com/product/regenerating-cleanser-P379710
24,face-wash-facial-cleanser,https://www.sephora.com/product/instant-foaming-cleanser-P12978
25,face-wash-facial-cleanser,https://www.sephora.com/product/detoxifying-black-cleanser-P302940
26,face-wash-facial-cleanser,https://www.sephora.com/product/calendula-deep-clean-foaming-face-wash-P422013
27,face-wash-facial-cleanser,https://www.sephora.com/product/cleanser-P381436
28,face-wash-facial-cleanser,https://www.sephora.com/product/blueberry-bounce-gentle-cleanser-P436359
29,face-wash-facial-cleanser,https://www.sephora.com/product/ultra-facial-cleanser-P422007
30,face-wash-facial-cleanser,https://www.sephora.com/product/clarifying-cleanser-P4016
31,face-wash-facial-cleanser,https://www.sephora.com/product/eradikate-daily-cleanser-acne-treatment-P415667
32,face-wash-facial-cleanser,https://www.sephora.com/product/baby-pekee-bar-tm-juju-bar-tm-travel-duo-P405584
33,face-wash-facial-cleanser,https://www.sephora.com/product/precleanse-P423148
34,face-wash-facial-cleanser,https://www.sephora.com/product/alpha-beta-r-pore-perfecting-cleansing-gel-P430816
35,face-wash-facial-cleanser,https://www.sephora.com/product/aha-bha-exfoliating-cleanser-P4010
36,face-wash-facial-cleanser,https://www.sephora.com/product/anti-aging-cleansing-gel-P39274
37,face-wash-facial-cleanser,https://www.sephora.com/product/clarifying-cleanser-P429954
38,face-wash-facial-cleanser,https://www.sephora.com/product/micellar-cleansing-water-P381020
39,face-wash-facial-cleanser,https://www.sephora.com/product/confidence-in-cleanser-tm-skin-transforming-hydrating-cleansing-serum-P426829
40,face-wash-facial-cleanser,https://www.sephora.com/product/clean-bee-ultra-gentle-facial-cleanser-P431187
41,face-wash-facial-cleanser,https://www.sephora.com/product/treatment-cleansing-foam-P232930
42,face-wash-facial-cleanser,https://www.sephora.com/product/facial-treatment-cleanser-P375850
43,face-wash-facial-cleanser,https://www.sephora.com/product/barrier-foaming-oil-cleanser-P442836
44,face-wash-facial-cleanser,https://www.sephora.com/product/acne-solutions-cleansing-foam-P188309
45,face-wash-facial-cleanser,https://www.sephora.com/product/brightening-cleanser-P432271
46,face-wash-facial-cleanser,https://www.sephora.com/product/nutritious-radiant-vitality-2-in-1-foam-cleanser-P380019
47,face-wash-facial-cleanser,https://www.sephora.com/product/the-microdelivery-exfoliating-wash-P184109
48,face-wash-facial-cleanser,https://www.sephora.com/product/pekee-bar-tm-P392248
49,face-wash-facial-cleanser,https://www.sephora.com/product/time-release-acne-cleanser-P254720
50,face-wash-facial-cleanser,https://www.sephora.com/product/squalane-antioxidant-cleansing-oil-P416560
51,face-wash-facial-cleanser,https://www.sephora.com/product/benefiance-extra-creamy-cleansing-foam-P418348
52,face-wash-facial-cleanser,https://www.sephora.com/product/rainforest-the-sea-deep-dive-cleansing-gel-P405096
53,face-wash-facial-cleanser,https://www.sephora.com/product/gentle-foaming-cleanser-P228101
54,face-wash-facial-cleanser,https://www.sephora.com/product/ceramic-slip-clay-cleanser-P309310
55,face-wash-facial-cleanser,https://www.sephora.com/product/ginzing-refreshing-scrub-cleanser-P386197
56,face-wash-facial-cleanser,https://www.sephora.com/product/witch-hazel-herbal-extract-toner-P394632
57,face-wash-facial-cleanser,https://www.sephora.com/product/bye-bye-makeup-3-in-1-makeup-melting-cleansing-balm-P411399
58,face-wash-facial-cleanser,https://www.sephora.com/product/clarifying-cleansing-foam-P433618
59,face-wash-facial-cleanser,https://www.sephora.com/product/truth-on-the-glow-cleansing-cloths-P385342
60,face-wash-facial-cleanser,https://www.sephora.com/product/juju-bar-P392249
61,face-wash-facial-cleanser,https://www.sephora.com/product/rare-earth-deep-pore-daily-cleanser-P422248
62,face-wash-facial-cleanser,https://www.sephora.com/product/pep-start-2-in-1-exfoliating-cleanser-P409101
63,face-wash-facial-cleanser,https://www.sephora.com/product/the-cleansing-foam-mini-P428636
64,face-wash-facial-cleanser,https://www.sephora.com/product/take-the-day-off-cleansing-oil-P384821
65,face-wash-facial-cleanser,https://www.sephora.com/product/pure-clean-daily-facial-cleanser-P171300
66,face-wash-facial-cleanser,https://www.sephora.com/product/squalane-tea-tree-balancing-oil-P442551
67,face-wash-facial-cleanser,https://www.sephora.com/product/evercalm-gentle-cleansing-milk-P174626
68,face-wash-facial-cleanser,https://www.sephora.com/product/baby-bar-travel-duo-with-case-P440658
69,face-wash-facial-cleanser,https://www.sephora.com/product/make-up-removing-cleansing-oil-P401244
70,face-wash-facial-cleanser,https://www.sephora.com/product/green-tea-real-fresh-foam-cleanser-P409840
71,face-wash-facial-cleanser,https://www.sephora.com/product/supercleanse-tm-clearing-cream-to-foam-cleanser-P421948
72,face-wash-facial-cleanser,https://www.sephora.com/product/the-cleansing-micellar-water-P417114
73,face-wash-facial-cleanser,https://www.sephora.com/product/purifying-cleanser-P392144
74,face-wash-facial-cleanser,https://www.sephora.com/product/the-cleansing-gel-P417113
75,face-wash-facial-cleanser,https://www.sephora.com/product/blackhead-solutions-self-heating-blackhead-extractor-P432243
76,face-wash-facial-cleanser,https://www.sephora.com/product/rinse-off-foaming-cleanser-P122762
77,face-wash-facial-cleanser,https://www.sephora.com/product/white-lucent-brightening-cleansing-foam-P173660
78,face-wash-facial-cleanser,https://www.sephora.com/product/blackhead-solutions-7-day-deep-pore-cleanse-scrub-P432242
79,face-wash-facial-cleanser,https://www.sephora.com/product/argan-cleansing-oil-P283501
80,face-wash-facial-cleanser,https://www.sephora.com/product/bamboo-charcoal-detoxifying-soap-bar-P407444
81,face-wash-facial-cleanser,https://www.sephora.com/product/purity-made-simple-one-step-facial-cleansing-cloths-P374947
82,face-wash-facial-cleanser,https://www.sephora.com/product/essential-c-cleanser-P9941
83,face-wash-facial-cleanser,https://www.sephora.com/product/squalane-tea-tree-detox-mask-P442550
84,face-wash-facial-cleanser,https://www.sephora.com/product/zero-oil-deep-pore-cleanser-P297541
85,face-wash-facial-cleanser,https://www.sephora.com/product/purity-cleanser-microdelivery-wash-bff-set-P444051
86,face-wash-facial-cleanser,https://www.sephora.com/product/greek-yoghurt-foaming-cream-cleanser-P432263
87,face-wash-facial-cleanser,https://www.sephora.com/product/3-glycolic-solutions-cleanser-P422232
88,face-wash-facial-cleanser,https://www.sephora.com/product/clean-skin-gel-cleanse-tone-P438618
89,face-wash-facial-cleanser,https://www.sephora.com/product/moisturizing-foam-cleanser-P438013
90,face-wash-facial-cleanser,https://www.sephora.com/product/squalane-tea-tree-cleansing-gel-P442549
91,face-wash-facial-cleanser,https://www.sephora.com/product/deep-dive-glycolic-facial-cleanser-P385674
92,face-wash-facial-cleanser,https://www.sephora.com/product/seaberry-skin-nutrition-cleansing-oil-P405935
93,face-wash-facial-cleanser,https://www.sephora.com/product/one-step-gentle-exfoliating-facial-cleanser-P94812
94,face-wash-facial-cleanser,https://www.sephora.com/product/the-method-cleanse-P399740
95,face-wash-facial-cleanser,https://www.sephora.com/product/wild-rose-foaming-cream-cleanser-P433981
96,facial-toner-skin-toner,https://www.sephora.com/product/the-ordinary-deciem-glycolic-acid-7-toning-solution-P427406
97,facial-toner-skin-toner,https://www.sephora.com/product/facial-treatment-essence-P375849
98,facial-toner-skin-toner,https://www.sephora.com/product/rose-deep-hydration-facial-toner-P417936
99,facial-toner-skin-toner,https://www.sephora.com/product/ceramidin-tm-liquid-P434364
100,facial-toner-skin-toner,https://www.sephora.com/product/balancing-force-oil-control-toner-P416816
101,facial-toner-skin-toner,https://www.sephora.com/product/glow2oh-dark-spot-toner-P439061
102,facial-toner-skin-toner,https://www.sephora.com/product/calendula-herbal-extract-alcohol-free-toner-P421997
103,facial-toner-skin-toner,https://www.sephora.com/product/beauty-elixir-P6025
104,facial-toner-skin-toner,https://www.sephora.com/product/tonique-confort-comforting-rehydrating-toner-P54509
105,facial-toner-skin-toner,https://www.sephora.com/product/drying-lotion-P440498
106,facial-toner-skin-toner,https://www.sephora.com/product/moisturizing-toner-P253623
107,facial-toner-skin-toner,https://www.sephora.com/product/clarifying-lotion-2-P122882
108,facial-toner-skin-toner,https://www.sephora.com/product/ready-steady-glow-daily-aha-tonic-P428095
109,facial-toner-skin-toner,https://www.sephora.com/product/facial-treatment-clear-lotion-P375853
110,facial-toner-skin-toner,https://www.sephora.com/product/ultra-facial-toner-P422011
111,facial-toner-skin-toner,https://www.sephora.com/product/supertoner-exfoliating-acid-solution-P441865
112,facial-toner-skin-toner,https://www.sephora.com/product/coq-10-toner-P432272
113,facial-toner-skin-toner,https://www.sephora.com/product/rose-floral-toner-P39970
114,facial-toner-skin-toner,https://www.sephora.com/product/clarifying-lotion-3-P122881
115,facial-toner-skin-toner,https://www.sephora.com/product/micro-essence-skin-activating-treatment-lotion-P387619
116,facial-toner-skin-toner,https://www.sephora.com/product/witch-hazel-herbal-extract-toner-P394632
117,facial-toner-skin-toner,https://www.sephora.com/product/witch-hazel-rosewater-toner-P444615
118,facial-toner-skin-toner,https://www.sephora.com/product/knockout-tingling-treatment-P427427
119,facial-toner-skin-toner,https://www.sephora.com/product/vinopure-natural-salicylic-acid-pore-minimizing-toner-P433625
120,facial-toner-skin-toner,https://www.sephora.com/product/rose-hibiscus-coconut-water-hydrating-face-mist-P400200
121,facial-toner-skin-toner,https://www.sephora.com/product/jasmine-green-tea-balancing-toner-P421600
122,facial-toner-skin-toner,https://www.sephora.com/product/liquid-gold-with-glycolic-acid-P440949
123,facial-toner-skin-toner,https://www.sephora.com/product/treatment-toner-P232934
124,facial-toner-skin-toner,https://www.sephora.com/product/benefiance-wrinkleresist24-balancing-softener-enriched-P173612
125,facial-toner-skin-toner,https://www.sephora.com/product/the-tonic-P417243
126,facial-toner-skin-toner,https://www.sephora.com/product/no-rinse-intensive-pore-minimizing-toner-P434345
127,facial-toner-skin-toner,https://www.sephora.com/product/glycolic-acid-toner-P440486
128,facial-toner-skin-toner,https://www.sephora.com/product/eudermine-revitalizing-essence-P173653
129,facial-toner-skin-toner,https://www.sephora.com/product/clarifying-lotion-2-P439099
130,facial-toner-skin-toner,https://www.sephora.com/product/zero-oil-pore-purifying-toner-P297544
131,facial-toner-skin-toner,https://www.sephora.com/product/queen-of-hungary-mist-P309207
132,facial-toner-skin-toner,https://www.sephora.com/product/martian-mattifying-melting-water-gel-toner-P410243
133,facial-toner-skin-toner,https://www.sephora.com/product/multi-active-toner-P423150
134,facial-toner-skin-toner,https://www.sephora.com/product/coconut-rose-toner-P416144
135,facial-toner-skin-toner,https://www.sephora.com/product/essential-power-skin-toner-for-normal-to-dry-skin-P420671
136,facial-toner-skin-toner,https://www.sephora.com/product/clarifying-toner-P4015
137,facial-toner-skin-toner,https://www.sephora.com/product/toning-lotion-normal-dry-skin-P94801
138,facial-toner-skin-toner,https://www.sephora.com/product/essential-power-skin-toner-for-combination-to-oily-skin-P420672
139,facial-toner-skin-toner,https://www.sephora.com/product/clarifying-lotion-3-P439098
140,facial-toner-skin-toner,https://www.sephora.com/product/problem-solution-toner-P410817
141,facial-toner-skin-toner,https://www.sephora.com/product/matcha-toner-P419520
142,facial-toner-skin-toner,https://www.sephora.com/product/acne-solutions-clarifying-lotion-P188307
143,facial-toner-skin-toner,https://www.sephora.com/product/8-glycolic-solutions-toner-P422233
144,facial-toner-skin-toner,https://www.sephora.com/product/a-perfect-world-age-defense-treatment-lotion-with-white-tea-P297529
145,facial-toner-skin-toner,https://www.sephora.com/product/hydrating-toner-P4032
146,facial-toner-skin-toner,https://www.sephora.com/product/essential-c-toner-P9939
147,facial-toner-skin-toner,https://www.sephora.com/product/umbrian-clay-purifying-facial-toner-P408643
148,facial-toner-skin-toner,https://www.sephora.com/product/tonique-douceur-alcohol-free-freshener-P155706
149,facial-toner-skin-toner,https://www.sephora.com/product/united-state-balancing-tonic-P297533
150,facial-toner-skin-toner,https://www.sephora.com/product/hydro-dynamic-quenching-essence-P403747
151,facial-toner-skin-toner,https://www.sephora.com/product/glycolic-acid-toner-P443838
152,facial-toner-skin-toner,https://www.sephora.com/product/fresh-calming-toner-P436653
153,facial-toner-skin-toner,https://www.sephora.com/product/ultra-facial-oil-free-toner-P422010
154,facial-toner-skin-toner,https://www.sephora.com/product/bergamot-herbal-extract-toner-P394631
155,facial-toner-skin-toner,https://www.sephora.com/product/vital-treatment-essence-for-hydrating-P408268
156,facial-toner-skin-toner,https://www.sephora.com/product/clarifying-lotion-1-P122651
157,facial-toner-skin-toner,https://www.sephora.com/product/resurfacing-treatment-toner-with-apple-cider-P446918
158,facial-toner-skin-toner,https://www.sephora.com/product/revitalizing-toner-P440060
159,facial-toner-skin-toner,https://www.sephora.com/product/lifesaver-skin-brightening-toner-P430828
160,facial-toner-skin-toner,https://www.sephora.com/product/rose-floral-toner-mini-P435387
161,facial-toner-skin-toner,https://www.sephora.com/product/tonique-radiance-clarifying-exfoliating-toner-P217931
162,facial-toner-skin-toner,https://www.sephora.com/product/cucumber-herbal-alcohol-free-toner-P422250
163,facial-toner-skin-toner,https://www.sephora.com/product/clarifying-lotion-4-P122876
164,facial-toner-skin-toner,https://www.sephora.com/product/white-lucent-luminizing-infuser-P406312
165,facial-toner-skin-toner,https://www.sephora.com/product/hydrating-essence-toner-P386910
166,facial-toner-skin-toner,https://www.sephora.com/product/pre-empt-series-exfoliating-pore-refiner-P408537
167,facial-toner-skin-toner,https://www.sephora.com/product/breakout-clearing-all-over-toner-P443362
168,facial-toner-skin-toner,https://www.sephora.com/product/cellumination-mask-in-lotion-P375846
169,facial-toner-skin-toner,https://www.sephora.com/product/travel-trio-P2046
170,facial-toner-skin-toner,https://www.sephora.com/product/buffering-lotion-P440496
171,facial-toner-skin-toner,https://www.sephora.com/product/blue-astringent-herbal-lotion-P422020
172,facial-toner-skin-toner,https://www.sephora.com/product/no-2-citrus-rhapsody-toner-mist-P428641
173,facial-toner-skin-toner,https://www.sephora.com/product/extra-comfort-toning-lotion-P381412
174,facial-toner-skin-toner,https://www.sephora.com/product/cucumber-water-stick-P418376
175,facial-toner-skin-toner,https://www.sephora.com/product/nutritious-radiant-vitality-energy-lotion-P380017
176,facial-toner-skin-toner,https://www.sephora.com/product/hydrating-face-tonic-P270607
177,facial-toner-skin-toner,https://www.sephora.com/product/rare-earth-pore-refining-tonic-P422253
178,facial-toner-skin-toner,https://www.sephora.com/product/perfectly-clean-multi-action-toning-lotion-refiner-P380030
179,facial-toner-skin-toner,https://www.sephora.com/product/hydraphel-skin-supplement-lotion-P392628
180,facial-toner-skin-toner,https://www.sephora.com/product/turnaround-revitalizing-lotion-P394823
181,facial-toner-skin-toner,https://www.sephora.com/product/ain-t-misbehavin-healthy-toner-with-glycolic-lactic-acid-P406920
182,facial-toner-skin-toner,https://www.sephora.com/product/eau-ginseng-P406769
183,facial-toner-skin-toner,https://www.sephora.com/product/astringent-toner-pads-P189131
184,facial-toner-skin-toner,https://www.sephora.com/product/pomegranate-toner-P305108
185,facial-toner-skin-toner,https://www.sephora.com/product/cucumber-cleansing-lotion-P440488
186,facial-toner-skin-toner,https://www.sephora.com/product/special-cucumber-lotion-P440487
187,facial-toner-skin-toner,https://www.sephora.com/product/light-controlling-lotion-P392629
188,facial-toner-skin-toner,https://www.sephora.com/product/oil-control-toner-P432240
189,facial-toner-skin-toner,https://www.sephora.com/product/creme-ancienne-r-infusion-toner-P392618
190,facial-toner-skin-toner,https://www.sephora.com/product/beauty-water-P409633
191,facial-toner-skin-toner,https://www.sephora.com/product/un-wrinkle-turbo-line-smoothing-toning-lotion-P389330
192,moisturizer-skincare,https://www.sephora.com/product/ultra-facial-cream-P421996
193,moisturizer-skincare,https://www.sephora.com/product/protini-tm-polypeptide-cream-P427421
194,moisturizer-skincare,https://www.sephora.com/product/creme-de-la-mer-moisturizing-cream-P416341
195,moisturizer-skincare,https://www.sephora.com/product/the-water-cream-P418218
196,moisturizer-skincare,https://www.sephora.com/product/lala-retro-whipped-cream-P408645
197,moisturizer-skincare,https://www.sephora.com/product/ceramidin-tm-cream-P434363
198,moisturizer-skincare,https://www.sephora.com/product/the-ordinary-deciem-hyaluronic-acid-2-b5-P427419
199,moisturizer-skincare,https://www.sephora.com/product/the-moisturizing-soft-cream-P416342
200,moisturizer-skincare,https://www.sephora.com/product/virgin-marula-tm-luxury-facial-oil-P392245
201,moisturizer-skincare,https://www.sephora.com/product/the-dewy-skin-cream-P441101
202,moisturizer-skincare,https://www.sephora.com/product/the-true-cream-aqua-bomb-P394639
203,moisturizer-skincare,https://www.sephora.com/product/limited-edition-blue-heart-creme-de-la-mer-P444991
204,moisturizer-skincare,https://www.sephora.com/product/moisture-surge-72-hour-auto-replenishing-hydrator-P425416
205,moisturizer-skincare,https://www.sephora.com/product/creme-de-la-mer-mini-P426501
206,moisturizer-skincare,https://www.sephora.com/product/lotus-youth-preserve-face-cream-with-super-7-complex-P377123
207,moisturizer-skincare,https://www.sephora.com/product/your-skin-but-better-cc-oil-free-matte-with-spf-40-P433435
208,moisturizer-skincare,https://www.sephora.com/product/the-essence-plumping-skin-softener-P415771
209,moisturizer-skincare,https://www.sephora.com/product/rose-deep-hydration-face-cream-P406686
210,moisturizer-skincare,https://www.sephora.com/product/the-true-cream-moisturizing-bomb-P394624
211,moisturizer-skincare,https://www.sephora.com/product/ultra-repair-cream-intense-hydration-P248407
212,moisturizer-skincare,https://www.sephora.com/product/the-ordinary-deciem-natural-moisturizing-factors-ha-P427414
213,moisturizer-skincare,https://www.sephora.com/product/luna-sleeping-night-oil-P393718
214,moisturizer-skincare,https://www.sephora.com/product/dramatically-different-moisturizing-gel-P122900
215,moisturizer-skincare,https://www.sephora.com/product/cicapair-tiger-grass-color-correcting-treatment-spf-30-P411540
216,moisturizer-skincare,https://www.sephora.com/product/lotus-youth-preserve-dream-face-cream-P440312
217,moisturizer-skincare,https://www.sephora.com/product/dramatically-different-moisturizing-lotion-P381030
218,moisturizer-skincare,https://www.sephora.com/product/tidal-brightening-enzyme-water-cream-P406938
219,moisturizer-skincare,https://www.sephora.com/product/vinoperfect-brightening-glycolic-overnight-cream-P440200
220,moisturizer-skincare,https://www.sephora.com/product/everyday-sunscreen-broad-spectrum-spf-50-P386194
221,moisturizer-skincare,https://www.sephora.com/product/charlotte-s-magic-cream-P433520
222,moisturizer-skincare,https://www.sephora.com/product/water-drench-hyaluronic-cloud-cream-P415701
223,moisturizer-skincare,https://www.sephora.com/product/sheer-transformation-perfecting-moisturizer-P42342
224,moisturizer-skincare,https://www.sephora.com/product/vitamin-enriched-face-base-P270594
225,moisturizer-skincare,https://www.sephora.com/product/ginzing-tm-energy-boosting-moisturizer-P378852
226,moisturizer-skincare,https://www.sephora.com/product/squalane-vitamin-c-rose-oil-P416563
227,moisturizer-skincare,https://www.sephora.com/product/watermelon-pink-juice-moisturizer-P428819
228,moisturizer-skincare,https://www.sephora.com/product/the-ordinary-deciem-vitamin-c-suspension-23-ha-spheres-2-P427410
229,moisturizer-skincare,https://www.sephora.com/product/100-percent-pure-argan-oil-P218700
230,moisturizer-skincare,https://www.sephora.com/product/dr-andrew-weil-for-origins-tm-mega-mushroom-relief-resilience-soothing-treatment-lotion-P429244
231,moisturizer-skincare,https://www.sephora.com/product/waso-clear-mega-hydrating-cream-P421768
232,moisturizer-skincare,https://www.sephora.com/product/unicorn-essence-P417141
233,moisturizer-skincare,https://www.sephora.com/product/secret-sauce-clinically-advanced-miraculous-anti-aging-moisturizer-P421958
234,moisturizer-skincare,https://www.sephora.com/product/r-n-a-power-radical-new-age-cream-P405950
235,moisturizer-skincare,https://www.sephora.com/product/goodnight-glow-retin-alt-sleeping-creme-P434546
236,moisturizer-skincare,https://www.sephora.com/product/adaptogen-deep-moisture-cream-P432829
237,moisturizer-skincare,https://www.sephora.com/product/glowstarter-mega-illuminating-moisturizer-P408739
238,moisturizer-skincare,https://www.sephora.com/product/vinosource-moisturizing-sorbet-P271704
239,moisturizer-skincare,https://www.sephora.com/product/kale-spinach-hyaluronic-acid-age-prevention-cream-P411388
240,moisturizer-skincare,https://www.sephora.com/product/superscreen-daily-moisturizer-broad-spectrum-spf-40-pa-P439928
241,moisturizer-skincare,https://www.sephora.com/product/honey-drop-lightweight-moisturizer-with-echinacea-greenenvy-tm-P420698
242,moisturizer-skincare,https://www.sephora.com/product/hello-fab-coconut-skin-smoothie-priming-moisturizer-P415237
243,moisturizer-skincare,https://www.sephora.com/product/c-e-o-c-e-antioxidant-protect-repair-moisturizer-P416139
244,moisturizer-skincare,https://www.sephora.com/product/clinique-id-your-custom-blend-hydrator-P439643
245,moisturizer-skincare,https://www.sephora.com/product/confidence-in-cream-transforming-moisturizing-super-cream-P411403
246,moisturizer-skincare,https://www.sephora.com/product/the-moisturizing-cool-gel-cream-P429637
247,moisturizer-skincare,https://www.sephora.com/product/rainforest-the-sea-drink-h2o-hydrating-boost-moisturizer-P405599
248,moisturizer-skincare,https://www.sephora.com/product/water-bank-moisture-cream-P420655
249,moisturizer-skincare,https://www.sephora.com/product/uv-expert-aquagel-defense-primer-moisturizer-spf-50-P442750
250,moisturizer-skincare,https://www.sephora.com/product/the-silk-cream-P417867
251,moisturizer-skincare,https://www.sephora.com/product/genius-sleeping-collagen-P439055
252,moisturizer-skincare,https://www.sephora.com/product/bye-bye-redness-neutralizing-correcting-cream-P411393
253,moisturizer-skincare,https://www.sephora.com/product/counter-balance-oil-control-hydrator-P416818
254,moisturizer-skincare,https://www.sephora.com/product/capture-totale-dreamskin-advanced-P415619
255,moisturizer-skincare,https://www.sephora.com/product/rose-gold-elixir-P417139
256,moisturizer-skincare,https://www.sephora.com/product/revitalizing-supreme-global-anti-aging-creme-P384342
257,moisturizer-skincare,https://www.sephora.com/product/genius-ultimate-anti-aging-cream-P384537
258,moisturizer-skincare,https://www.sephora.com/product/the-indigo-cream-soothing-skin-protectant-P434556
259,moisturizer-skincare,https://www.sephora.com/product/whipped-argan-oil-face-butter-P404338
260,moisturizer-skincare,https://www.sephora.com/product/benefiance-wrinkleresist24-night-cream-P173616
261,moisturizer-skincare,https://www.sephora.com/product/dr-andrew-weil-for-origins-mega-bright-spf-30-skin-tone-correcting-oil-free-moisturizer-P385253
262,moisturizer-skincare,https://www.sephora.com/product/cicapair-tiger-grass-cream-P411539
263,moisturizer-skincare,https://www.sephora.com/product/kiehls-calendula-serum-infused-water-cream-P444059
264,moisturizer-skincare,https://www.sephora.com/product/double-duty-face-moisturizer-broad-spectrum-spf-20-P40629
265,moisturizer-skincare,https://www.sephora.com/product/argan-daily-moisturizer-spf-47-P385679
266,moisturizer-skincare,https://www.sephora.com/product/ginzing-spf-40-energy-boosting-tinted-moisturizer-P420966
267,moisturizer-skincare,https://www.sephora.com/product/juno-hydroactive-cellular-face-oil-P309306
268,moisturizer-skincare,https://www.sephora.com/product/ultra-repair-face-moisturizer-P375534
269,moisturizer-skincare,https://www.sephora.com/product/dynamic-skin-recovery-spf50-P443354
270,moisturizer-skincare,https://www.sephora.com/product/moisture-surge-intense-for-very-dry-to-dry-combination-skin-P302901
271,moisturizer-skincare,https://www.sephora.com/product/nourishing-moisturizer-hydrate-repair-P438620
272,moisturizer-skincare,https://www.sephora.com/product/youthquake-hydra-full-retexturizing-gel-creme-P445427
273,moisturizer-skincare,https://www.sephora.com/product/original-skin-matte-moisturizer-with-willowherb-P422536
274,moisturizer-skincare,https://www.sephora.com/product/squalane-probiotic-gel-moisturizer-P416561
275,moisturizer-skincare,https://www.sephora.com/product/cooling-water-P404795
276,moisturizer-skincare,https://www.sephora.com/product/active-moist-P423142
277,moisturizer-skincare,https://www.sephora.com/product/rejuvenating-night-cream-P309215
278,moisturizer-skincare,https://www.sephora.com/product/pink-cloud-rosewater-moisture-creme-P427626
279,moisturizer-skincare,https://www.sephora.com/product/renewed-hope-in-jar-refreshing-refining-moisturizer-P392232
280,moisturizer-skincare,https://www.sephora.com/product/peat-miracle-revital-cream-P412440
281,moisturizer-skincare,https://www.sephora.com/product/bio-performance-advanced-super-revitalizing-cream-P173652
282,moisturizer-skincare,https://www.sephora.com/product/ferulic-retinol-anti-aging-moisturizer-P384536
283,moisturizer-skincare,https://www.sephora.com/product/ultra-facial-oil-free-gel-cream-P422006
284,moisturizer-skincare,https://www.sephora.com/product/aqua-bomb-surf-s-up-P444458
285,moisturizer-skincare,https://www.sephora.com/product/emerald-cannabis-sativa-hemp-seed-deep-moisture-glow-oil-P437981
286,moisturizer-skincare,https://www.sephora.com/product/benefiance-wrinkleresist24-day-cream-broad-spectrum-spf-18-P282018
287,moisturizer-skincare,https://www.sephora.com/product/lapis-oil-balancing-facial-oil-P400203
